translated,88.45457028466102
translation,19.949943940565277
translating,19.44546177703657
transliteration,19.35322984844491
verb,18.18197603093735
sentence,17.258076177001442
translates,17.049114698043734
translate,15.83631876027435
noun,15.245785534898534
translations,13.671174219544701
informal,12.940325283279734
phrase,12.568185209773649
translator,12.550164721974816
context,11.767139691816743
grammatical,10.684672252249323
formal,10.543968749339042
sentences,10.319909413415587
meaning,9.541462903110018
speaker,9.261575667033066
expression,7.80014051797695
pronounced,7.484143354135666
literally,7.427100877743633
native,7.270778550550391
lines,6.266911459179974
lyrics,6.21476148473303
spanish,4.718377110093836
grammar,3.6664254969292576
languages,2.225500134140364